student_id,student_country,date_registered,date_watched,minutes_watched,onboarded,paid
258798,IN,2022-01-01,2022-01-01,0.3,1,0
258800,CA,2022-01-01,2022-01-02,2.7,1,1
258800,CA,2022-01-01,2022-02-27,23,1,1
258800,CA,2022-01-01,2022-02-26,32.6,1,1
258800,CA,2022-01-01,2022-02-25,34.2,1,1
258800,CA,2022-01-01,2022-03-25,0.1,1,1
258800,CA,2022-01-01,2022-06-28,0.3,1,1
258800,CA,2022-01-01,2022-03-28,46.1,1,1
258800,CA,2022-01-01,2022-05-30,1.5,1,1
258800,CA,2022-01-01,2022-05-27,44,1,1
258800,CA,2022-01-01,2022-05-26,0.7,1,1
258800,CA,2022-01-01,2022-01-23,30.6,1,1
258800,CA,2022-01-01,2022-01-22,5.2,1,1
258800,CA,2022-01-01,2022-01-16,9.4,1,1
258800,CA,2022-01-01,2022-01-15,21.3,1,1
258800,CA,2022-01-01,2022-01-13,13.1,1,1
258800,CA,2022-01-01,2022-05-12,7.6,1,1
258800,CA,2022-01-01,2022-01-11,7.1,1,1
258800,CA,2022-01-01,2022-02-23,6.9,1,1
258800,CA,2022-01-01,2022-01-10,34.7,1,1
258800,CA,2022-01-01,2022-03-14,2.1,1,1
258800,CA,2022-01-01,2022-01-28,4,1,1
258800,CA,2022-01-01,2022-02-22,1.1,1,1
258800,CA,2022-01-01,2022-02-21,0.5,1,1
258800,CA,2022-01-01,2022-01-06,45.1,1,1
258800,CA,2022-01-01,2022-01-05,61.6,1,1
258800,CA,2022-01-01,2022-01-07,31.7,1,1
258800,CA,2022-01-01,2022-01-04,4.3,1,1
258800,CA,2022-01-01,2022-01-03,46.8,1,1
258800,CA,2022-01-01,2022-04-01,12.9,1,1
258803,US,2022-01-01,2022-07-31,41,1,1
258803,US,2022-01-01,2022-07-29,0.1,1,1
258803,US,2022-01-01,2022-07-28,3.5,1,1
258803,US,2022-01-01,2022-07-30,44.7,1,1
258803,US,2022-01-01,2022-07-26,52,1,1
258803,US,2022-01-01,2022-06-27,6.9,1,1
258803,US,2022-01-01,2022-02-21,6.8,1,1
258803,US,2022-01-01,2022-04-17,1.6,1,1
258803,US,2022-01-01,2022-02-01,67.1,1,1
258803,US,2022-01-01,2022-01-16,0.7,1,1
258803,US,2022-01-01,2022-01-11,37.9,1,1
258803,US,2022-01-01,2022-01-10,19.3,1,1
258803,US,2022-01-01,2022-01-09,28.3,1,1
258803,US,2022-01-01,2022-01-08,52.8,1,1
258803,US,2022-01-01,2022-01-05,21.4,1,1
258803,US,2022-01-01,2022-01-04,42.9,1,1
258803,US,2022-01-01,2022-01-02,86.8,1,1
258803,US,2022-01-01,2022-01-03,43.6,1,1
258803,US,2022-01-01,2022-01-01,62.6,1,1
258804,BD,2022-01-01,2022-01-01,14.2,1,0
258807,US,2022-01-01,2022-01-01,1.8,1,0
258809,ID,2022-01-01,2022-01-04,40,1,0
258809,ID,2022-01-01,2022-01-02,9.2,1,0
258809,ID,2022-01-01,2022-01-01,4.1,1,0
258810,IN,2022-01-01,2022-01-01,3.2,1,0
258811,DZ,2022-01-01,2022-01-13,3.5,1,0
258811,DZ,2022-01-01,2022-01-08,19.9,1,0
258811,DZ,2022-01-01,2022-01-01,1.7,1,0
258811,DZ,2022-01-01,2022-01-04,16.8,1,0
258812,IN,2022-01-01,2022-01-01,2.2,1,0
258813,ET,2022-01-01,2022-01-01,2.1,1,0
258814,IN,2022-01-01,2022-01-26,3.9,1,0
258814,IN,2022-01-01,2022-01-01,4.9,1,0
258815,EG,2022-01-01,2022-01-01,29,1,0
258816,KE,2022-01-01,2022-01-01,0.8,1,0
258817,IN,2022-01-01,2022-01-01,0.4,1,0
258818,IN,2022-01-01,2022-01-03,12.8,1,1
258818,IN,2022-01-01,2022-04-06,5.8,1,1
258818,IN,2022-01-01,2022-04-01,6.7,1,1
258818,IN,2022-01-01,2022-06-12,4.8,1,1
258818,IN,2022-01-01,2022-03-31,20.9,1,1
258818,IN,2022-01-01,2022-08-19,2.7,1,1
258818,IN,2022-01-01,2022-09-19,17.8,1,1
258818,IN,2022-01-01,2022-09-16,11.1,1,1
258818,IN,2022-01-01,2022-09-15,3,1,1
258818,IN,2022-01-01,2022-09-14,12.8,1,1
258818,IN,2022-01-01,2022-02-15,15.7,1,1
258818,IN,2022-01-01,2022-08-17,32.7,1,1
258818,IN,2022-01-01,2022-02-14,15.1,1,1
258818,IN,2022-01-01,2022-01-06,15.5,1,1
258818,IN,2022-01-01,2022-03-23,28.7,1,1
258818,IN,2022-01-01,2022-06-19,4.1,1,1
258818,IN,2022-01-01,2022-04-30,10.2,1,1
258818,IN,2022-01-01,2022-04-29,12,1,1
258818,IN,2022-01-01,2022-04-28,15.6,1,1
258818,IN,2022-01-01,2022-01-07,40,1,1
258818,IN,2022-01-01,2022-02-17,2,1,1
258818,IN,2022-01-01,2022-02-16,7.8,1,1
258818,IN,2022-01-01,2022-02-13,4.9,1,1
258818,IN,2022-01-01,2022-02-12,22,1,1
258818,IN,2022-01-01,2022-02-11,15.9,1,1
258818,IN,2022-01-01,2022-02-10,20.2,1,1
258818,IN,2022-01-01,2022-02-09,4.9,1,1
258818,IN,2022-01-01,2022-02-01,7.6,1,1
258818,IN,2022-01-01,2022-01-31,3.8,1,1
258818,IN,2022-01-01,2022-01-29,6.9,1,1
258818,IN,2022-01-01,2022-01-28,11.7,1,1
258818,IN,2022-01-01,2022-01-27,18.6,1,1
258818,IN,2022-01-01,2022-01-26,27.8,1,1
258818,IN,2022-01-01,2022-01-25,24,1,1
258818,IN,2022-01-01,2022-01-24,5.9,1,1
258818,IN,2022-01-01,2022-01-23,19.5,1,1
258818,IN,2022-01-01,2022-01-21,39.8,1,1
258818,IN,2022-01-01,2022-01-20,18.6,1,1
258818,IN,2022-01-01,2022-01-18,18.8,1,1
258818,IN,2022-01-01,2022-01-17,28.2,1,1
258818,IN,2022-01-01,2022-01-14,9.2,1,1
258818,IN,2022-01-01,2022-01-13,19,1,1
258818,IN,2022-01-01,2022-01-12,14.4,1,1
258818,IN,2022-01-01,2022-01-11,45,1,1
258818,IN,2022-01-01,2022-01-10,27.1,1,1
258818,IN,2022-01-01,2022-01-04,43.6,1,1
258818,IN,2022-01-01,2022-01-19,30.5,1,1
258818,IN,2022-01-01,2022-01-05,34.6,1,1
258818,IN,2022-01-01,2022-04-07,10.5,1,1
258818,IN,2022-01-01,2022-07-27,3,1,1
258818,IN,2022-01-01,2022-07-26,13.9,1,1
258818,IN,2022-01-01,2022-03-30,29.4,1,1
258818,IN,2022-01-01,2022-03-29,32.9,1,1
258818,IN,2022-01-01,2022-03-24,13.4,1,1
258818,IN,2022-01-01,2022-03-22,17,1,1
258818,IN,2022-01-01,2022-03-21,18.1,1,1
258818,IN,2022-01-01,2022-03-20,15.8,1,1
258818,IN,2022-01-01,2022-03-17,10.2,1,1
258818,IN,2022-01-01,2022-03-18,27.3,1,1
258818,IN,2022-01-01,2022-03-16,27.2,1,1
258818,IN,2022-01-01,2022-03-15,18.6,1,1
258818,IN,2022-01-01,2022-03-13,34.7,1,1
258818,IN,2022-01-01,2022-05-12,8.7,1,1
258818,IN,2022-01-01,2022-05-11,69.1,1,1
258818,IN,2022-01-01,2022-05-10,27.6,1,1
258818,IN,2022-01-01,2022-03-12,19.4,1,1
258818,IN,2022-01-01,2022-03-11,18.5,1,1
258818,IN,2022-01-01,2022-03-09,30.5,1,1
258818,IN,2022-01-01,2022-03-08,24,1,1
258818,IN,2022-01-01,2022-03-07,5.8,1,1
258818,IN,2022-01-01,2022-03-04,12.3,1,1
258818,IN,2022-01-01,2022-03-03,7.1,1,1
258818,IN,2022-01-01,2022-06-04,0.4,1,1
258818,IN,2022-01-01,2022-06-03,51.9,1,1
258818,IN,2022-01-01,2022-02-23,18,1,1
258818,IN,2022-01-01,2022-06-01,0.2,1,1
258818,IN,2022-01-01,2022-02-18,6.7,1,1
258819,ES,2022-01-01,2022-01-01,6.6,1,0
258822,IN,2022-01-01,2022-01-01,0.1,1,0
258822,IN,2022-01-01,2022-01-26,31.8,1,1
258822,IN,2022-01-01,2022-01-24,16.9,1,1
258822,IN,2022-01-01,2022-01-20,47.9,1,1
258822,IN,2022-01-01,2022-01-19,1,1,1
258822,IN,2022-01-01,2022-01-16,5.9,1,1
258822,IN,2022-01-01,2022-01-15,3,1,1
258822,IN,2022-01-01,2022-01-14,22.1,1,1
258822,IN,2022-01-01,2022-01-18,60.5,1,1
258822,IN,2022-01-01,2022-01-13,31.5,1,1
258822,IN,2022-01-01,2022-01-31,2.9,1,1
258822,IN,2022-01-01,2022-01-29,4.9,1,1
258822,IN,2022-01-01,2022-01-10,68.3,1,1
258822,IN,2022-01-01,2022-01-12,36,1,1
258822,IN,2022-01-01,2022-01-09,49.9,1,1
258824,US,2022-01-01,2022-01-01,1.3,1,0
258826,CN,2022-01-01,2022-01-01,0.3,1,0
258827,IN,2022-01-01,2022-01-01,0.3,1,0
258828,IN,2022-01-01,2022-01-01,0.4,1,0
258829,BR,2022-01-01,2022-01-02,12.5,1,0
258830,BY,2022-01-01,2022-01-01,0.9,1,0
258831,SG,2022-01-01,2022-01-01,0.1,1,0
258832,IN,2022-01-01,2022-02-28,0.3,1,0
258832,IN,2022-01-01,2022-03-01,0.1,1,0
258832,IN,2022-01-01,2022-03-13,3.6,1,1
258832,IN,2022-01-01,2022-03-11,71,1,1
258832,IN,2022-01-01,2022-03-18,36.2,1,1
258832,IN,2022-01-01,2022-03-06,70.4,1,1
258832,IN,2022-01-01,2022-01-09,42.3,1,0
258832,IN,2022-01-01,2022-01-06,14.4,1,0
258832,IN,2022-01-01,2022-01-05,13.2,1,0
258832,IN,2022-01-01,2022-01-01,0.9,1,0
258832,IN,2022-01-01,2022-03-21,46.3,1,1
258833,IN,2022-01-01,2022-01-01,1.3,1,0
258834,GB,2022-01-01,2022-01-01,21.9,1,0
258837,ID,2022-01-01,2022-01-29,1,1,0
258837,ID,2022-01-01,2022-01-08,4.2,1,0
258837,ID,2022-01-01,2022-01-02,30.5,1,0
258840,SA,2022-01-01,2022-01-01,1.2,1,0
258840,SA,2022-01-01,2022-01-04,40.9,1,0
258841,JP,2022-01-01,2022-01-02,0.4,1,0
258841,JP,2022-01-01,2022-01-01,0.2,1,0
258845,ID,2022-01-01,2022-01-01,1.2,1,0
258845,ID,2022-01-01,2022-01-21,22.9,1,0
258845,ID,2022-01-01,2022-08-14,105.6,1,0
258845,ID,2022-01-01,2022-01-10,32.7,1,0
258845,ID,2022-01-01,2022-01-18,24.6,1,0
258845,ID,2022-01-01,2022-01-17,30,1,0
258845,ID,2022-01-01,2022-01-14,16.7,1,0
258845,ID,2022-01-01,2022-01-13,27.3,1,0
258845,ID,2022-01-01,2022-08-06,36.4,1,0
258845,ID,2022-01-01,2022-04-23,11.8,1,0
258845,ID,2022-01-01,2022-03-02,19.5,1,0
258845,ID,2022-01-01,2022-01-09,14.5,1,0
258845,ID,2022-01-01,2022-01-08,48.4,1,0
258845,ID,2022-01-01,2022-08-15,226.1,1,0
258845,ID,2022-01-01,2022-02-15,31.4,1,0
258845,ID,2022-01-01,2022-08-18,81.1,1,0
258845,ID,2022-01-01,2022-08-17,176.3,1,0
258845,ID,2022-01-01,2022-08-16,474.6,1,0
258845,ID,2022-01-01,2022-02-04,40,1,0
258845,ID,2022-01-01,2022-02-12,42.1,1,0
258845,ID,2022-01-01,2022-02-01,29.2,1,0
258845,ID,2022-01-01,2022-01-28,24.6,1,0
258845,ID,2022-01-01,2022-01-26,39.2,1,0
258846,US,2022-01-01,2022-01-01,6.9,1,0
258848,RU,2022-01-01,2022-01-01,0.1,1,0
258849,IN,2022-01-01,2022-01-01,12,1,0
258851,HT,2022-01-01,2022-01-01,6.6,1,0
258852,SA,2022-01-01,2022-01-01,0.1,1,0
258855,GB,2022-01-01,2022-01-01,0.2,1,0
258857,AZ,2022-01-01,2022-01-01,0.8,1,0
258860,PL,2022-01-01,2022-01-01,12.2,1,0
258861,IN,2022-01-01,2022-01-04,3,1,0
258861,IN,2022-01-01,2022-01-01,18.6,1,0
258862,NL,2022-01-01,2022-09-09,40.7,1,1
258862,NL,2022-01-01,2022-09-08,45.9,1,1
258862,NL,2022-01-01,2022-09-07,13.6,1,1
258862,NL,2022-01-01,2022-09-06,58.5,1,1
258862,NL,2022-01-01,2022-08-30,10.8,1,1
258862,NL,2022-01-01,2022-08-28,29.5,1,1
258862,NL,2022-01-01,2022-08-08,21.7,1,1
258862,NL,2022-01-01,2022-01-20,7.4,1,1
258862,NL,2022-01-01,2022-08-27,26.7,1,1
258862,NL,2022-01-01,2022-08-26,1.3,1,1
258862,NL,2022-01-01,2022-01-19,21.1,1,1
258862,NL,2022-01-01,2022-01-18,14.8,1,1
258862,NL,2022-01-01,2022-08-25,38.9,1,1
258862,NL,2022-01-01,2022-01-15,43.8,1,1
258862,NL,2022-01-01,2022-08-24,39,1,1
258862,NL,2022-01-01,2022-01-13,20.1,1,1
258862,NL,2022-01-01,2022-01-07,31,1,1
258862,NL,2022-01-01,2022-01-03,20.4,1,1
258862,NL,2022-01-01,2022-08-23,46.2,1,1
258862,NL,2022-01-01,2022-01-02,67.6,1,1
258862,NL,2022-01-01,2022-01-01,40.5,1,1
258865,CA,2022-01-01,2022-09-22,4,1,1
258865,CA,2022-01-01,2022-01-03,10.1,1,1
258865,CA,2022-01-01,2022-03-25,0.1,1,1
258865,CA,2022-01-01,2022-02-07,3.3,1,1
258865,CA,2022-01-01,2022-02-01,25.7,1,1
258865,CA,2022-01-01,2022-01-22,9.7,1,1
258865,CA,2022-01-01,2022-01-20,20.2,1,1
258865,CA,2022-01-01,2022-01-15,12.6,1,1
258865,CA,2022-01-01,2022-01-12,23.7,1,1
258865,CA,2022-01-01,2022-01-06,33,1,1
258865,CA,2022-01-01,2022-01-11,34.2,1,1
258865,CA,2022-01-01,2022-01-05,41.8,1,1
258865,CA,2022-01-01,2022-01-02,32.6,1,1
258865,CA,2022-01-01,2022-01-01,67.5,1,1
258869,VN,2022-01-01,2022-01-01,1.2,1,0
258870,GB,2022-01-01,2022-01-01,0.6,1,0
258870,GB,2022-01-01,2022-01-28,0.5,1,0
258870,GB,2022-01-01,2022-01-05,3.6,1,0
258871,CA,2022-01-01,2022-01-01,2.2,1,0
258872,CO,2022-01-01,2022-01-03,63.8,1,0
258876,FR,2022-01-01,2022-01-02,12.9,1,0
258876,FR,2022-01-01,2022-01-01,14.9,1,0
258876,FR,2022-01-01,2022-01-13,6.6,1,0
258876,FR,2022-01-01,2022-01-12,11.8,1,0
258876,FR,2022-01-01,2022-01-03,27.4,1,0
258878,CA,2022-01-01,2022-01-08,23.7,1,1
258878,CA,2022-01-01,2022-01-02,110,1,1
258879,LY,2022-01-01,2022-01-29,1.2,1,0
258880,RU,2022-01-01,2022-01-07,12.3,1,0
258880,RU,2022-01-01,2022-01-04,4.5,1,0
258880,RU,2022-01-01,2022-01-08,56.4,1,0
258881,EG,2022-01-01,2022-01-01,1.9,1,0
258882,US,2022-01-01,2022-01-01,0.5,1,0
258883,US,2022-01-01,2022-03-18,4.4,1,1
258883,US,2022-01-01,2022-01-04,11.1,1,1
258883,US,2022-01-01,2022-01-05,14.5,1,1
258884,EG,2022-01-01,2022-01-01,0.3,1,0
258885,MD,2022-01-01,2022-01-04,20.7,1,0
258885,MD,2022-01-01,2022-01-01,41,1,0
258887,SA,2022-01-01,2022-01-03,0.1,1,0
258888,GB,2022-01-01,2022-01-01,0.7,1,0
258890,RU,2022-01-01,2022-01-01,1.2,1,0
258892,MX,2022-01-01,2022-04-10,3.8,1,0
258892,MX,2022-01-01,2022-01-31,5.4,1,0
258892,MX,2022-01-01,2022-01-01,2,1,0
258893,AE,2022-01-01,2022-01-02,25.3,1,0
258894,US,2022-01-01,2022-01-01,62,1,0
258895,EG,2022-01-01,2022-01-01,11.2,1,0
258897,AR,2022-01-01,2022-04-29,0.1,1,0
258902,NG,2022-01-01,2022-01-02,12.3,1,0
258902,NG,2022-01-01,2022-01-01,6.6,1,0
258903,US,2022-01-01,2022-01-01,9.3,1,0
258904,SA,2022-01-01,2022-01-01,22.8,1,0
258904,SA,2022-01-01,2022-01-12,19.1,1,0
258904,SA,2022-01-01,2022-01-10,28.4,1,0
258904,SA,2022-01-01,2022-01-09,18,1,0
258904,SA,2022-01-01,2022-01-03,82.6,1,0
258904,SA,2022-01-01,2022-01-02,48.1,1,0
258905,NG,2022-01-01,2022-01-03,3.6,1,0
258906,EG,2022-01-01,2022-01-08,80.6,1,0
258906,EG,2022-01-01,2022-01-07,11.6,1,0
258906,EG,2022-01-01,2022-01-02,2.7,1,0
258906,EG,2022-01-01,2022-03-10,18.4,1,0
258906,EG,2022-01-01,2022-01-29,35.7,1,0
258906,EG,2022-01-01,2022-02-13,6.7,1,0
258906,EG,2022-01-01,2022-01-22,2.3,1,0
258906,EG,2022-01-01,2022-01-16,74.8,1,0
258906,EG,2022-01-01,2022-01-15,17.6,1,0
258907,EG,2022-01-01,2022-04-25,12.3,1,0
258908,US,2022-01-01,2022-01-14,5.7,1,1
258908,US,2022-01-01,2022-01-25,38.4,1,1
258908,US,2022-01-01,2022-01-20,28.4,1,1
258908,US,2022-01-01,2022-01-18,71.8,1,1
258908,US,2022-01-01,2022-01-17,6.3,1,1
258908,US,2022-01-01,2022-01-12,41.5,1,1
258908,US,2022-01-01,2022-01-11,7.4,1,1
258908,US,2022-01-01,2022-01-03,138.5,1,1
258908,US,2022-01-01,2022-01-02,205.8,1,1
258908,US,2022-01-01,2022-01-01,15,1,1
258910,EG,2022-01-02,2022-01-02,6.6,1,0
258912,IN,2022-01-02,2022-01-08,0.1,1,0
258912,IN,2022-01-02,2022-01-09,11.5,1,0
258912,IN,2022-01-02,2022-01-07,3.9,1,0
258913,US,2022-01-02,2022-04-10,63.5,1,1
258913,US,2022-01-02,2022-04-11,40.5,1,1
258913,US,2022-01-02,2022-04-09,26.2,1,1
258913,US,2022-01-02,2022-03-18,1.5,1,1
258913,US,2022-01-02,2022-03-17,5.5,1,1
258913,US,2022-01-02,2022-04-20,0.1,1,1
258913,US,2022-01-02,2022-04-21,32.9,1,1
258913,US,2022-01-02,2022-01-04,126.3,1,0
258913,US,2022-01-02,2022-03-10,5.8,1,1
258913,US,2022-01-02,2022-04-19,29.2,1,1
258913,US,2022-01-02,2022-03-09,5.1,1,1
258913,US,2022-01-02,2022-01-05,87.1,1,0
258913,US,2022-01-02,2022-07-16,14.7,1,1
258913,US,2022-01-02,2022-07-21,8.5,1,1
258913,US,2022-01-02,2022-07-15,21.7,1,1
258913,US,2022-01-02,2022-07-20,20.4,1,1
258913,US,2022-01-02,2022-07-14,31.4,1,1
258913,US,2022-01-02,2022-07-13,32.5,1,1
258913,US,2022-01-02,2022-06-28,2.3,1,1
258913,US,2022-01-02,2022-07-12,44.4,1,1
258913,US,2022-01-02,2022-07-11,79.2,1,1
258913,US,2022-01-02,2022-05-18,55.7,1,1
258913,US,2022-01-02,2022-07-10,19.3,1,1
258913,US,2022-01-02,2022-07-09,28.1,1,1
258913,US,2022-01-02,2022-03-08,3.7,1,1
258913,US,2022-01-02,2022-02-28,22.2,1,1
258913,US,2022-01-02,2022-07-08,64.1,1,1
258913,US,2022-01-02,2022-05-17,132.3,1,1
258913,US,2022-01-02,2022-04-27,37.2,1,1
258913,US,2022-01-02,2022-03-13,0.1,1,1
258913,US,2022-01-02,2022-03-11,0.2,1,1
258913,US,2022-01-02,2022-02-26,47,1,1
258913,US,2022-01-02,2022-02-12,0.4,1,1
258913,US,2022-01-02,2022-02-11,70.9,1,1
258913,US,2022-01-02,2022-01-27,28.8,1,1
258913,US,2022-01-02,2022-01-03,100,1,0
258913,US,2022-01-02,2022-01-02,45.5,1,0
258913,US,2022-01-02,2022-07-07,12.6,1,1
258913,US,2022-01-02,2022-07-06,52.4,1,1
258913,US,2022-01-02,2022-07-05,3.4,1,1
258913,US,2022-01-02,2022-05-19,60.6,1,1
258914,LK,2022-01-02,2022-01-02,2.8,1,0
258915,SA,2022-01-02,2022-07-27,30.7,1,0
258915,SA,2022-01-02,2022-06-23,3.3,1,0
258915,SA,2022-01-02,2022-01-06,6.6,1,0
258916,CA,2022-01-02,2022-09-13,35.3,1,1
258916,CA,2022-01-02,2022-08-30,82.2,1,1
258916,CA,2022-01-02,2022-08-29,14.3,1,1
258916,CA,2022-01-02,2022-09-06,4.9,1,1
258916,CA,2022-01-02,2022-09-17,47.4,1,1
258916,CA,2022-01-02,2022-09-16,61.8,1,1
258916,CA,2022-01-02,2022-10-20,66.4,1,1
258916,CA,2022-01-02,2022-04-14,67.7,1,1
258916,CA,2022-01-02,2022-04-13,26.5,1,1
258917,US,2022-01-02,2022-01-02,6.6,1,0
258920,PH,2022-01-02,2022-01-02,65.3,1,0
258922,US,2022-01-02,2022-01-10,3.5,1,1
258922,US,2022-01-02,2022-01-03,6.4,1,0
258922,US,2022-01-02,2022-01-02,19.4,1,0
258922,US,2022-01-02,2022-07-26,1.2,1,1
258922,US,2022-01-02,2022-01-09,25.7,1,1
258922,US,2022-01-02,2022-09-15,9.2,1,1
258922,US,2022-01-02,2022-07-03,5,1,1
258922,US,2022-01-02,2022-06-27,2.9,1,1
258922,US,2022-01-02,2022-02-16,11.4,1,1
258922,US,2022-01-02,2022-02-07,1.4,1,1
258922,US,2022-01-02,2022-01-20,5.5,1,1
258922,US,2022-01-02,2022-07-19,22.8,1,1
258922,US,2022-01-02,2022-07-06,2.4,1,1
258922,US,2022-01-02,2022-01-05,60.9,1,1
258922,US,2022-01-02,2022-01-04,43.2,1,1
258924,EG,2022-01-02,2022-02-05,0.1,1,0
258924,EG,2022-01-02,2022-02-06,16.4,1,0
258924,EG,2022-01-02,2022-01-17,30.5,1,0
258924,EG,2022-01-02,2022-01-19,94.7,1,0
258924,EG,2022-01-02,2022-02-03,62.1,1,0
258924,EG,2022-01-02,2022-03-09,0.6,1,0
258924,EG,2022-01-02,2022-01-04,35.6,1,0
258924,EG,2022-01-02,2022-02-02,123.1,1,0
258924,EG,2022-01-02,2022-01-22,0.4,1,0
258925,ID,2022-01-02,2022-01-02,6.7,1,0
258927,IN,2022-01-02,2022-08-02,0.6,1,0
258927,IN,2022-01-02,2022-01-02,5.1,1,0
258929,US,2022-01-02,2022-03-02,10,1,0
258929,US,2022-01-02,2022-03-01,33.8,1,0
258930,SA,2022-01-02,2022-02-19,13.6,1,1
258930,SA,2022-01-02,2022-07-19,22.5,1,1
258930,SA,2022-01-02,2022-02-18,19.3,1,0
258930,SA,2022-01-02,2022-08-28,16.9,1,1
258930,SA,2022-01-02,2022-08-02,10.5,1,1
258930,SA,2022-01-02,2022-08-01,9,1,1
258930,SA,2022-01-02,2022-07-24,8.4,1,1
258930,SA,2022-01-02,2022-03-13,4.1,1,1
258930,SA,2022-01-02,2022-03-04,5.3,1,1
258930,SA,2022-01-02,2022-02-23,7.6,1,1
258930,SA,2022-01-02,2022-02-22,51.1,1,1
258930,SA,2022-01-02,2022-02-21,11.2,1,1
258930,SA,2022-01-02,2022-02-20,11.1,1,1
258933,US,2022-01-02,2022-01-17,4.3,1,0
258933,US,2022-01-02,2022-01-03,1.5,1,0
258936,IN,2022-01-02,2022-01-12,4.4,1,0
258936,IN,2022-01-02,2022-01-02,21.1,1,0
258939,US,2022-01-02,2022-01-02,10.8,1,0
258940,DE,2022-01-02,2022-06-26,7.6,1,0
258940,DE,2022-01-02,2022-01-02,3.5,1,0
258947,IN,2022-01-02,2022-01-02,0.1,1,0
258951,EG,2022-01-02,2022-03-28,7.9,1,0
258951,EG,2022-01-02,2022-03-26,19.8,1,0
258951,EG,2022-01-02,2022-03-21,7.8,1,0
258951,EG,2022-01-02,2022-01-04,0.1,1,0
258951,EG,2022-01-02,2022-01-02,13.1,1,0
258951,EG,2022-01-02,2022-01-27,12,1,0
258951,EG,2022-01-02,2022-01-26,29.9,1,0
258954,IQ,2022-01-02,2022-01-02,3.4,1,0
258955,AE,2022-01-02,2022-01-02,51.6,1,0
258955,AE,2022-01-02,2022-01-19,1.3,1,1
258955,AE,2022-01-02,2022-01-18,21.5,1,1
258955,AE,2022-01-02,2022-01-14,53.9,1,1
258955,AE,2022-01-02,2022-01-13,31,1,1
258955,AE,2022-01-02,2022-01-12,31.7,1,1
258955,AE,2022-01-02,2022-06-08,64.4,1,1
258955,AE,2022-01-02,2022-06-07,29.5,1,1
258955,AE,2022-01-02,2022-01-07,50.4,1,1
258955,AE,2022-01-02,2022-01-05,16.8,1,1
258955,AE,2022-01-02,2022-01-04,66.4,1,1
258955,AE,2022-01-02,2022-01-03,41.7,1,1
258956,IN,2022-01-02,2022-05-01,44.7,1,1
258956,IN,2022-01-02,2022-04-23,41.5,1,1
258956,IN,2022-01-02,2022-04-18,82,1,1
258956,IN,2022-01-02,2022-04-15,24.4,1,1
258956,IN,2022-01-02,2022-03-31,14.8,1,1
258956,IN,2022-01-02,2022-05-09,49.5,1,1
258956,IN,2022-01-02,2022-08-02,0.1,1,0
258956,IN,2022-01-02,2022-07-18,36.4,1,1
258956,IN,2022-01-02,2022-07-15,10.7,1,1
258956,IN,2022-01-02,2022-07-14,52.1,1,1
258956,IN,2022-01-02,2022-07-13,53.4,1,1
258956,IN,2022-01-02,2022-07-12,63,1,1
258956,IN,2022-01-02,2022-07-11,64.7,1,1
258956,IN,2022-01-02,2022-07-06,95.7,1,1
258956,IN,2022-01-02,2022-05-05,15.7,1,1
258956,IN,2022-01-02,2022-05-03,55.9,1,1
258956,IN,2022-01-02,2022-05-02,12.3,1,1
258957,ZA,2022-01-02,2022-01-06,3.6,1,0
258959,IN,2022-01-02,2022-01-02,0.1,1,0
258960,CN,2022-01-02,2022-01-02,3.4,1,0
258962,EG,2022-01-02,2022-01-02,0.1,1,0
258965,IN,2022-01-02,2022-01-02,1.5,1,0
258967,NL,2022-01-02,2022-01-02,2.8,1,0
258969,US,2022-01-02,2022-01-02,5.2,1,0
258970,GM,2022-01-02,2022-01-03,33.9,1,0
258971,IL,2022-01-02,2022-01-03,0.3,1,0
258971,IL,2022-01-02,2022-02-04,22,1,1
258971,IL,2022-01-02,2022-01-23,4.7,1,1
258971,IL,2022-01-02,2022-01-18,5.8,1,1
258971,IL,2022-01-02,2022-01-16,67.9,1,1
258971,IL,2022-01-02,2022-01-15,3.7,1,1
258971,IL,2022-01-02,2022-01-14,23.9,1,1
258971,IL,2022-01-02,2022-02-06,18.9,1,1
258971,IL,2022-01-02,2022-02-05,24.6,1,1
258971,IL,2022-01-02,2022-02-21,3.2,1,0
258971,IL,2022-01-02,2022-06-16,0.3,1,0
258971,IL,2022-01-02,2022-02-20,11.7,1,0
258971,IL,2022-01-02,2022-01-27,4.4,1,1
258971,IL,2022-01-02,2022-02-12,7.7,1,0
258971,IL,2022-01-02,2022-01-12,32.6,1,1
258971,IL,2022-01-02,2022-01-11,8.9,1,1
258971,IL,2022-01-02,2022-01-10,18.1,1,1
258971,IL,2022-01-02,2022-01-09,7.2,1,1
258971,IL,2022-01-02,2022-01-05,9.3,1,0
258971,IL,2022-01-02,2022-01-02,61,1,0
258973,US,2022-01-02,2022-01-02,20.3,1,0
258974,SA,2022-01-02,2022-01-02,20.9,1,0
258979,SA,2022-01-02,2022-01-03,1.3,1,0
258979,SA,2022-01-02,2022-01-02,0.2,1,0
258980,MX,2022-01-02,2022-02-08,54.3,1,1
258980,MX,2022-01-02,2022-02-07,20.6,1,1
258980,MX,2022-01-02,2022-02-09,31.9,1,1
258980,MX,2022-01-02,2022-01-13,50.8,1,1
258980,MX,2022-01-02,2022-01-12,64.8,1,1
258980,MX,2022-01-02,2022-09-21,3.4,1,1
258980,MX,2022-01-02,2022-01-02,0.1,1,0
258980,MX,2022-01-02,2022-09-22,4.7,1,1
258980,MX,2022-01-02,2022-01-10,57,1,1
258980,MX,2022-01-02,2022-01-09,51.1,1,1
258982,TH,2022-01-02,2022-01-02,0.1,1,0
258984,DE,2022-01-02,2022-01-02,19.8,1,1
258984,DE,2022-01-02,2022-06-01,39.7,1,1
258984,DE,2022-01-02,2022-05-31,16.2,1,1
258984,DE,2022-01-02,2022-04-11,11.2,1,1
258984,DE,2022-01-02,2022-04-09,0.3,1,1
258984,DE,2022-01-02,2022-06-27,17.6,1,1
258984,DE,2022-01-02,2022-06-24,11.9,1,1
258984,DE,2022-01-02,2022-05-29,6.5,1,1
258984,DE,2022-01-02,2022-01-11,50,1,1
258984,DE,2022-01-02,2022-01-10,30.8,1,1
258984,DE,2022-01-02,2022-01-08,7.1,1,1
258984,DE,2022-01-02,2022-07-04,28.3,1,1
258984,DE,2022-01-02,2022-04-07,25.7,1,1
258984,DE,2022-01-02,2022-03-31,0.1,1,1
258984,DE,2022-01-02,2022-03-30,29.3,1,1
258984,DE,2022-01-02,2022-01-07,56.7,1,1
258984,DE,2022-01-02,2022-01-06,11.1,1,1
258984,DE,2022-01-02,2022-01-04,37.7,1,1
258984,DE,2022-01-02,2022-01-03,34.7,1,1
258987,ES,2022-01-02,2022-01-05,0.3,1,0
258989,IN,2022-01-02,2022-01-02,0.3,1,0
258991,MA,2022-01-02,2022-01-02,5.6,1,0
258993,SA,2022-01-02,2022-01-02,0.3,1,0
258994,GB,2022-01-02,2022-01-10,14,1,0
258994,GB,2022-01-02,2022-01-03,16,1,0
258994,GB,2022-01-02,2022-01-02,65.1,1,0
258996,SA,2022-01-02,2022-01-16,15.5,1,0
258996,SA,2022-01-02,2022-01-06,13.2,1,0
258996,SA,2022-01-02,2022-01-04,10.5,1,0
258997,NG,2022-01-02,2022-01-02,8.4,1,0
258998,SA,2022-01-02,2022-01-02,0.3,1,0
258999,IN,2022-01-02,2022-01-02,0.5,1,0
259000,SA,2022-01-02,2022-01-11,1.4,1,0
259000,SA,2022-01-02,2022-01-03,7.7,1,0
259000,SA,2022-01-02,2022-01-02,48.2,1,0
259001,AE,2022-01-02,2022-01-03,2.4,1,0
259001,AE,2022-01-02,2022-01-02,5.5,1,0
259002,SA,2022-01-02,2022-01-06,10.6,1,0
259002,SA,2022-01-02,2022-01-03,28.4,1,0
259002,SA,2022-01-02,2022-01-02,13.3,1,0
259005,TR,2022-01-02,2022-01-02,0.5,1,0
259005,TR,2022-01-02,2022-07-11,0.6,1,0
259005,TR,2022-01-02,2022-02-21,0.9,1,0
259005,TR,2022-01-02,2022-02-19,0.6,1,0
259008,US,2022-01-02,2022-01-02,1.1,1,0
259011,GB,2022-01-02,2022-04-22,3.5,1,0
259011,GB,2022-01-02,2022-03-17,0.2,1,0
259011,GB,2022-01-02,2022-03-14,28.2,1,0
259011,GB,2022-01-02,2022-03-13,36.5,1,0
259011,GB,2022-01-02,2022-03-16,34.4,1,0
259011,GB,2022-01-02,2022-03-11,5.8,1,0
259011,GB,2022-01-02,2022-03-15,0.1,1,0
259011,GB,2022-01-02,2022-03-12,34.3,1,0
259011,GB,2022-01-02,2022-03-03,46,1,0
259011,GB,2022-01-02,2022-01-05,7.7,1,0
259011,GB,2022-01-02,2022-01-13,5,1,0
259011,GB,2022-01-02,2022-03-02,102.9,1,0
259011,GB,2022-01-02,2022-02-08,22.1,1,0
259011,GB,2022-01-02,2022-02-06,69.9,1,0
259011,GB,2022-01-02,2022-02-05,15.6,1,0
259011,GB,2022-01-02,2022-02-03,1.9,1,0
259011,GB,2022-01-02,2022-01-28,1,1,0
259011,GB,2022-01-02,2022-02-04,17,1,0
259011,GB,2022-01-02,2022-01-27,28,1,0
259011,GB,2022-01-02,2022-01-23,70.6,1,0
259011,GB,2022-01-02,2022-01-22,59,1,0
259011,GB,2022-01-02,2022-01-20,26.2,1,0
259011,GB,2022-01-02,2022-01-19,7.3,1,0
259011,GB,2022-01-02,2022-01-18,40.1,1,0
259011,GB,2022-01-02,2022-01-17,87.2,1,0
259011,GB,2022-01-02,2022-01-16,76,1,0
259011,GB,2022-01-02,2022-01-15,125.6,1,0
259011,GB,2022-01-02,2022-01-14,74.5,1,0
259011,GB,2022-01-02,2022-04-17,75.7,1,0
259011,GB,2022-01-02,2022-04-16,70.2,1,0
259011,GB,2022-01-02,2022-04-15,108.5,1,0
259011,GB,2022-01-02,2022-04-09,79.3,1,0
259011,GB,2022-01-02,2022-04-07,4.9,1,0
259011,GB,2022-01-02,2022-04-06,57.7,1,0
259011,GB,2022-01-02,2022-05-11,1.1,1,0
259011,GB,2022-01-02,2022-03-31,21.8,1,0
259011,GB,2022-01-02,2022-03-27,20.2,1,0
259011,GB,2022-01-02,2022-03-18,18.7,1,0
259011,GB,2022-01-02,2022-03-09,13.1,1,0
259011,GB,2022-01-02,2022-03-19,8.4,1,0
259011,GB,2022-01-02,2022-04-03,33.1,1,0
259011,GB,2022-01-02,2022-02-26,92.7,1,0
259011,GB,2022-01-02,2022-04-20,52.8,1,0
259011,GB,2022-01-02,2022-04-19,111.1,1,0
259011,GB,2022-01-02,2022-04-18,15.2,1,0
259011,GB,2022-01-02,2022-03-01,14.1,1,0
259011,GB,2022-01-02,2022-02-23,4.4,1,0
259011,GB,2022-01-02,2022-02-21,1.5,1,0
259011,GB,2022-01-02,2022-01-04,43.5,1,0
259011,GB,2022-01-02,2022-01-02,53.6,1,0
259011,GB,2022-01-02,2022-04-21,9.1,1,0
259012,SA,2022-01-02,2022-01-05,25.4,1,0
259012,SA,2022-01-02,2022-01-04,0.4,1,0
259012,SA,2022-01-02,2022-01-03,36,1,0
259014,FR,2022-01-02,2022-01-02,2.4,1,0
259015,SA,2022-01-02,2022-01-19,7.9,1,0
259015,SA,2022-01-02,2022-01-12,12.2,1,0
259015,SA,2022-01-02,2022-01-10,0.9,1,0
259015,SA,2022-01-02,2022-01-09,35.2,1,0
259015,SA,2022-01-02,2022-01-04,78.4,1,0
259015,SA,2022-01-02,2022-01-02,14.9,1,0
259017,EG,2022-01-02,2022-01-02,1.1,1,0
259018,IN,2022-01-02,2022-01-04,0.7,1,0
259019,PK,2022-01-02,2022-06-10,0.2,1,0
259019,PK,2022-01-02,2022-10-19,0.1,1,0
259019,PK,2022-01-02,2022-08-26,1.2,1,0
259019,PK,2022-01-02,2022-08-07,11.7,1,0
259019,PK,2022-01-02,2022-08-25,2.3,1,0
259019,PK,2022-01-02,2022-08-03,29,1,0
259019,PK,2022-01-02,2022-08-01,23.2,1,0
259019,PK,2022-01-02,2022-07-31,13.2,1,0
259019,PK,2022-01-02,2022-07-24,7.1,1,0
259019,PK,2022-01-02,2022-08-31,10.4,1,0
259019,PK,2022-01-02,2022-08-23,0.4,1,0
259019,PK,2022-01-02,2022-08-04,53.2,1,0
259019,PK,2022-01-02,2022-08-30,68.2,1,0
259020,UA,2022-01-02,2022-01-02,5.8,1,0
259022,SA,2022-01-02,2022-01-02,1.2,1,0
259024,EG,2022-01-02,2022-01-02,9,1,0
259024,EG,2022-01-02,2022-01-03,18,1,0
259025,GB,2022-01-02,2022-01-02,2.3,1,0
259026,GB,2022-01-02,2022-01-02,28.6,1,0
259026,GB,2022-01-02,2022-03-29,9.9,1,1
259026,GB,2022-01-02,2022-03-18,15.6,1,1
259026,GB,2022-01-02,2022-03-14,7.4,1,1
259026,GB,2022-01-02,2022-03-13,49.4,1,1
259026,GB,2022-01-02,2022-03-11,10.7,1,1
259026,GB,2022-01-02,2022-03-09,20.6,1,1
259026,GB,2022-01-02,2022-03-08,1.3,1,1
259026,GB,2022-01-02,2022-01-24,19.1,1,1
259026,GB,2022-01-02,2022-01-18,9.2,1,1
259026,GB,2022-01-02,2022-01-17,36.1,1,1
259026,GB,2022-01-02,2022-05-02,16.4,1,1
259026,GB,2022-01-02,2022-04-30,28.5,1,1
259026,GB,2022-01-02,2022-04-25,31.7,1,1
259026,GB,2022-01-02,2022-04-23,19.4,1,1
259026,GB,2022-01-02,2022-04-18,38.2,1,1
259026,GB,2022-01-02,2022-04-17,6.3,1,1
259026,GB,2022-01-02,2022-04-16,73.6,1,1
259026,GB,2022-01-02,2022-04-15,4.2,1,1
259026,GB,2022-01-02,2022-04-13,13.2,1,1
259026,GB,2022-01-02,2022-04-12,22.4,1,1
259026,GB,2022-01-02,2022-04-11,3.9,1,1
259026,GB,2022-01-02,2022-04-10,11.4,1,1
259026,GB,2022-01-02,2022-04-04,23.2,1,1
259026,GB,2022-01-02,2022-01-10,20.8,1,1
259026,GB,2022-01-02,2022-01-06,2.2,1,1
259026,GB,2022-01-02,2022-01-05,27.3,1,1
259026,GB,2022-01-02,2022-01-04,22.8,1,1
259026,GB,2022-01-02,2022-01-03,13,1,0
259028,SA,2022-01-02,2022-01-25,15.1,1,1
259028,SA,2022-01-02,2022-01-26,23.5,1,1
259028,SA,2022-01-02,2022-01-05,23.9,1,1
259028,SA,2022-01-02,2022-01-04,35.8,1,1
259028,SA,2022-01-02,2022-01-23,20.5,1,1
259028,SA,2022-01-02,2022-01-03,58.3,1,0
259028,SA,2022-01-02,2022-01-02,1.7,1,0
259029,MA,2022-01-02,2022-01-03,10.4,1,0
259032,MY,2022-01-02,2022-01-13,30.7,1,0
259033,EG,2022-01-02,2022-01-02,3.3,1,0
259034,NG,2022-01-02,2022-01-09,0.2,1,0
259034,NG,2022-01-02,2022-01-16,15.2,1,0
259034,NG,2022-01-02,2022-01-13,3.5,1,0
259034,NG,2022-01-02,2022-01-11,15.4,1,0
259035,IQ,2022-01-02,2022-01-02,1.1,1,0
259036,EG,2022-01-02,2022-06-30,6.5,1,0
259039,US,2022-01-02,2022-01-06,10.3,1,1
259039,US,2022-01-02,2022-01-05,116.8,1,1
259039,US,2022-01-02,2022-01-04,2.2,1,1
259039,US,2022-01-02,2022-01-03,26.8,1,1
259039,US,2022-01-02,2022-01-02,72,1,1
259039,US,2022-01-02,2022-01-28,1.2,1,1
259039,US,2022-01-02,2022-01-27,5.5,1,1
259039,US,2022-01-02,2022-01-17,67.3,1,1
259039,US,2022-01-02,2022-01-16,8,1,1
259039,US,2022-01-02,2022-01-14,35.2,1,1
259039,US,2022-01-02,2022-01-13,48.7,1,1
259039,US,2022-01-02,2022-01-10,4.6,1,1
259039,US,2022-01-02,2022-01-08,3.6,1,1
259040,EG,2022-01-02,2022-01-02,0.1,1,0
259041,CA,2022-01-02,2022-01-02,0.2,1,0
259042,EG,2022-01-02,2022-08-21,29.4,1,0
259042,EG,2022-01-02,2022-08-18,127.6,1,0
259042,EG,2022-01-02,2022-08-20,26.2,1,0
259042,EG,2022-01-02,2022-08-17,8.6,1,0
259042,EG,2022-01-02,2022-08-15,2.8,1,0
259043,CO,2022-01-02,2022-01-02,0.8,1,0
259043,CO,2022-01-02,2022-01-03,10.2,1,0
259045,AT,2022-01-02,2022-01-25,2.2,1,0
259046,PK,2022-01-02,2022-02-22,141.2,1,0
259047,CA,2022-01-02,2022-01-03,25.5,1,0
259047,CA,2022-01-02,2022-01-02,1.7,1,0
259048,FI,2022-01-02,2022-01-02,0.6,1,0
259051,US,2022-01-02,2022-01-02,0.4,1,0
259054,US,2022-01-03,2022-02-02,8.9,1,1
259054,US,2022-01-03,2022-04-30,16.1,1,1
259054,US,2022-01-03,2022-04-23,4.8,1,1
259054,US,2022-01-03,2022-01-31,0.1,1,1
259054,US,2022-01-03,2022-04-19,39.6,1,1
259055,IN,2022-01-03,2022-01-03,2,1,0
259056,CA,2022-01-03,2022-01-03,0.5,1,0
259057,IN,2022-01-03,2022-01-03,8.4,1,0
259058,BR,2022-01-03,2022-01-03,1.2,1,0
259059,AU,2022-01-03,2022-01-03,4.3,1,0
259060,US,2022-01-03,2022-01-06,9.2,1,0
259060,US,2022-01-03,2022-01-03,1.2,1,0
259060,US,2022-01-03,2022-01-09,19.8,1,0
259062,US,2022-01-03,2022-01-03,9.5,1,0
259063,US,2022-01-03,2022-01-03,4.7,1,0
259065,IN,2022-01-03,2022-01-03,0.4,1,0
259067,SG,2022-01-03,2022-01-03,59.8,1,0
259068,SA,2022-01-03,2022-01-06,40.9,1,0
259068,SA,2022-01-03,2022-01-03,5.7,1,0
259069,SN,2022-01-03,2022-01-03,1,1,0
259070,US,2022-01-03,2022-01-24,74.4,1,1
259070,US,2022-01-03,2022-01-19,38.4,1,1
259070,US,2022-01-03,2022-01-18,130.2,1,1
259070,US,2022-01-03,2022-06-20,0.3,1,1
259070,US,2022-01-03,2022-01-16,31.1,1,1
259070,US,2022-01-03,2022-01-15,22.7,1,1
259070,US,2022-01-03,2022-02-21,1.2,1,1
259070,US,2022-01-03,2022-02-20,6.7,1,1
259070,US,2022-01-03,2022-03-31,15.4,1,1
259070,US,2022-01-03,2022-03-30,13.3,1,1
259070,US,2022-01-03,2022-03-18,8.8,1,1
259070,US,2022-01-03,2022-03-07,168.7,1,1
259070,US,2022-01-03,2022-03-02,42.2,1,1
259070,US,2022-01-03,2022-02-26,14.7,1,1
259070,US,2022-01-03,2022-02-25,38.6,1,1
259070,US,2022-01-03,2022-02-16,10.8,1,1
259070,US,2022-01-03,2022-02-10,18.3,1,1
259070,US,2022-01-03,2022-02-09,38.9,1,1
259070,US,2022-01-03,2022-02-07,40.4,1,1
259071,GT,2022-01-03,2022-01-03,8.6,1,0
259071,GT,2022-01-03,2022-01-04,45,1,0
259072,SA,2022-01-03,2022-01-03,1.8,1,0
259077,IN,2022-01-03,2022-01-03,10.2,1,0
259078,SA,2022-01-03,2022-01-03,0.9,1,0
259079,IN,2022-01-03,2022-01-03,0.2,1,0
259080,NG,2022-01-03,2022-01-04,27.7,1,0
259080,NG,2022-01-03,2022-01-31,10.5,1,0
259080,NG,2022-01-03,2022-01-08,118.2,1,0
259084,OM,2022-01-03,2022-01-28,15.9,1,0
259084,OM,2022-01-03,2022-01-03,1.1,1,0
259085,IN,2022-01-03,2022-01-03,0.9,1,0
259086,IN,2022-01-03,2022-01-03,5.3,1,0
259088,IN,2022-01-03,2022-01-03,10.6,1,0
259088,IN,2022-01-03,2022-01-06,40.2,1,0
259088,IN,2022-01-03,2022-01-05,7.1,1,0
259088,IN,2022-01-03,2022-01-04,28.6,1,0
259090,IN,2022-01-03,2022-01-03,10,1,0
259093,EG,2022-01-03,2022-01-08,96.1,1,0
259093,EG,2022-01-03,2022-01-03,3,1,0
259095,IN,2022-01-03,2022-01-21,0.1,1,0
259097,HU,2022-01-03,2022-01-03,12.2,1,0
259098,IN,2022-01-03,2022-05-27,19.8,1,0
259098,IN,2022-01-03,2022-01-03,0.3,1,0
259099,US,2022-01-03,2022-01-03,1.1,1,0
259101,AU,2022-01-03,2022-01-03,1.6,1,0
259101,AU,2022-01-03,2022-02-01,0.3,1,0
259102,PK,2022-01-03,2022-01-03,0.2,1,0
259103,IN,2022-01-03,2022-01-03,13.7,1,0
259104,MA,2022-01-03,2022-01-03,0.7,1,0
259105,KE,2022-01-03,2022-01-25,12.6,1,0
259105,KE,2022-01-03,2022-01-27,12,1,0
259105,KE,2022-01-03,2022-01-24,65,1,0
259105,KE,2022-01-03,2022-01-17,24.7,1,0
259105,KE,2022-01-03,2022-01-16,1.1,1,0
259105,KE,2022-01-03,2022-01-18,12.4,1,0
259105,KE,2022-01-03,2022-01-03,0.2,1,0
259106,GB,2022-01-03,2022-01-25,32.2,1,1
259106,GB,2022-01-03,2022-01-24,35.2,1,1
259106,GB,2022-01-03,2022-01-23,30.1,1,1
259106,GB,2022-01-03,2022-01-22,37.4,1,1
259106,GB,2022-01-03,2022-01-21,30.3,1,1
259106,GB,2022-01-03,2022-01-20,33.3,1,1
259106,GB,2022-01-03,2022-01-19,32.3,1,1
259106,GB,2022-01-03,2022-01-28,47.8,1,1
259106,GB,2022-01-03,2022-01-26,33.4,1,1
259106,GB,2022-01-03,2022-01-18,31.5,1,1
259106,GB,2022-01-03,2022-01-17,60.3,1,1
259106,GB,2022-01-03,2022-01-15,60.9,1,1
259106,GB,2022-01-03,2022-01-11,0.1,1,1
259106,GB,2022-01-03,2022-01-14,64.6,1,1
259106,GB,2022-01-03,2022-01-13,61.7,1,1
259106,GB,2022-01-03,2022-01-10,60.6,1,1
259106,GB,2022-01-03,2022-01-09,60.4,1,1
259106,GB,2022-01-03,2022-01-08,61,1,1
259106,GB,2022-01-03,2022-01-16,36.4,1,1
259106,GB,2022-01-03,2022-03-25,32.2,1,1
259106,GB,2022-01-03,2022-04-15,72.6,1,1
259106,GB,2022-01-03,2022-04-14,0.5,1,1
259106,GB,2022-01-03,2022-04-11,33.8,1,1
259106,GB,2022-01-03,2022-04-10,40.4,1,1
259106,GB,2022-01-03,2022-03-12,47.5,1,1
259106,GB,2022-01-03,2022-03-10,54.2,1,1
259106,GB,2022-01-03,2022-03-09,31.7,1,1
259106,GB,2022-01-03,2022-03-07,30.8,1,1
259106,GB,2022-01-03,2022-03-06,42.6,1,1
259106,GB,2022-01-03,2022-02-28,41.4,1,1
259106,GB,2022-01-03,2022-03-04,54.4,1,1
259106,GB,2022-01-03,2022-03-03,40.7,1,1
259106,GB,2022-01-03,2022-03-02,37.6,1,1
259106,GB,2022-01-03,2022-02-27,72,1,1
259106,GB,2022-01-03,2022-02-26,46.2,1,1
259106,GB,2022-01-03,2022-02-25,36,1,1
259106,GB,2022-01-03,2022-02-21,32.3,1,1
259106,GB,2022-01-03,2022-02-07,35.6,1,1
259106,GB,2022-01-03,2022-02-20,48.5,1,1
259106,GB,2022-01-03,2022-02-09,35.4,1,1
259106,GB,2022-01-03,2022-03-05,34.5,1,1
259106,GB,2022-01-03,2022-02-23,44.5,1,1
259106,GB,2022-01-03,2022-02-18,33,1,1
259106,GB,2022-01-03,2022-02-10,44.5,1,1
259106,GB,2022-01-03,2022-02-08,31.4,1,1
259106,GB,2022-01-03,2022-02-06,31.9,1,1
259106,GB,2022-01-03,2022-02-05,32.6,1,1
259106,GB,2022-01-03,2022-02-03,30.1,1,1
259106,GB,2022-01-03,2022-02-01,30.2,1,1
259106,GB,2022-01-03,2022-05-23,29.4,1,1
259106,GB,2022-01-03,2022-03-19,41.7,1,1
259106,GB,2022-01-03,2022-03-17,14.2,1,1
259106,GB,2022-01-03,2022-03-16,4.5,1,1
259106,GB,2022-01-03,2022-01-31,30.5,1,1
259106,GB,2022-01-03,2022-01-30,35.8,1,1
259106,GB,2022-01-03,2022-04-09,41.1,1,1
259106,GB,2022-01-03,2022-04-04,33.4,1,1
259106,GB,2022-01-03,2022-04-12,4.6,1,1
259106,GB,2022-01-03,2022-04-06,33.4,1,1
259106,GB,2022-01-03,2022-04-05,32.2,1,1
259106,GB,2022-01-03,2022-04-03,12.2,1,1
259106,GB,2022-01-03,2022-03-24,35.2,1,1
259106,GB,2022-01-03,2022-03-22,30.9,1,1
259106,GB,2022-01-03,2022-03-21,33.4,1,1
259106,GB,2022-01-03,2022-03-20,30.5,1,1
259106,GB,2022-01-03,2022-04-01,1,1,1
259106,GB,2022-01-03,2022-01-07,60.3,1,1
259106,GB,2022-01-03,2022-01-06,61.9,1,1
259106,GB,2022-01-03,2022-03-31,6.5,1,1
259106,GB,2022-01-03,2022-03-30,32.6,1,1
259106,GB,2022-01-03,2022-03-29,28.9,1,1
259106,GB,2022-01-03,2022-01-05,64.1,1,1
259106,GB,2022-01-03,2022-03-28,55.1,1,1
259106,GB,2022-01-03,2022-01-04,60,1,1
259106,GB,2022-01-03,2022-01-03,60.2,1,1
259108,IN,2022-01-03,2022-02-27,2,1,0
259108,IN,2022-01-03,2022-02-25,0.1,1,0
259108,IN,2022-01-03,2022-01-03,3.3,1,0
259108,IN,2022-01-03,2022-01-30,22.7,1,0
259110,US,2022-01-03,2022-01-08,10.8,1,0
259110,US,2022-01-03,2022-01-07,40.4,1,0
259110,US,2022-01-03,2022-01-05,17.4,1,0
259113,MA,2022-01-03,2022-01-03,0.4,1,0
259114,SO,2022-01-03,2022-01-03,2,1,0
259115,NG,2022-01-03,2022-01-03,0.7,1,0
259116,BE,2022-01-03,2022-01-03,37.9,1,0
259118,ZA,2022-01-03,2022-01-13,12.7,1,0
259118,ZA,2022-01-03,2022-01-11,13.9,1,0
259118,ZA,2022-01-03,2022-01-10,26,1,0
259118,ZA,2022-01-03,2022-01-04,45.5,1,0
259121,IN,2022-01-03,2022-01-03,2.1,1,0
259121,IN,2022-01-03,2022-01-08,57.9,1,0
259123,IN,2022-01-03,2022-04-14,3.4,1,0
259123,IN,2022-01-03,2022-04-15,21,1,0
259123,IN,2022-01-03,2022-01-03,41.6,1,0
259125,IN,2022-01-03,2022-01-03,5.6,1,0
259126,RW,2022-01-03,2022-01-03,4.9,1,0
259127,US,2022-01-03,2022-01-03,2.1,1,0
259132,AZ,2022-01-03,2022-01-03,0.4,1,0
259132,AZ,2022-01-03,2022-01-09,1.2,1,0
259132,AZ,2022-01-03,2022-02-06,4.3,1,0
259133,RW,2022-01-03,2022-01-03,2.4,1,0
259134,SE,2022-01-03,2022-01-04,13.6,1,0
259137,CA,2022-01-03,2022-01-03,6,1,0
259138,GH,2022-01-03,2022-01-03,12.6,1,0
259143,PK,2022-01-03,2022-01-05,24.1,1,0
259143,PK,2022-01-03,2022-01-06,0.1,1,0
259144,KZ,2022-01-03,2022-01-03,3,1,0
259145,AZ,2022-01-03,2022-01-03,0.3,1,0
259146,IN,2022-01-03,2022-01-03,3.3,1,0
259149,MA,2022-01-03,2022-01-03,38.2,1,0
259150,NL,2022-01-03,2022-01-03,0.2,1,0
259152,TN,2022-01-03,2022-01-09,9.5,1,0
259152,TN,2022-01-03,2022-01-03,1.2,1,0
259155,US,2022-01-03,2022-01-13,9.2,1,0
259155,US,2022-01-03,2022-01-12,16.2,1,0
259155,US,2022-01-03,2022-01-11,8.2,1,0
259155,US,2022-01-03,2022-01-10,42.4,1,0
259155,US,2022-01-03,2022-01-05,84,1,0
259155,US,2022-01-03,2022-01-03,79.7,1,0
259155,US,2022-01-03,2022-01-04,138.2,1,0
259156,EG,2022-01-03,2022-01-03,2.4,1,0
259158,EG,2022-01-03,2022-01-03,0.5,1,0
259160,ZW,2022-01-03,2022-09-10,1,1,0
259164,EG,2022-01-03,2022-01-03,0.7,1,0
259165,JM,2022-01-03,2022-01-03,0.2,1,0
259167,RW,2022-01-03,2022-01-04,9.2,1,0
259167,RW,2022-01-03,2022-01-03,1.3,1,0
259170,US,2022-01-04,2022-01-04,1.2,1,0
259171,US,2022-01-04,2022-02-08,0.9,1,1
259171,US,2022-01-04,2022-02-04,16.1,1,1
259171,US,2022-01-04,2022-02-03,107.1,1,1
259171,US,2022-01-04,2022-01-05,27.3,1,0
259171,US,2022-01-04,2022-01-28,14.9,1,1
259171,US,2022-01-04,2022-01-26,83.8,1,1
259171,US,2022-01-04,2022-01-04,67.6,1,0
259172,IN,2022-01-04,2022-01-04,7.4,1,0
259174,CA,2022-01-04,2022-04-04,19.8,1,1
259174,CA,2022-01-04,2022-01-05,10,1,0
259174,CA,2022-01-04,2022-01-04,1.3,1,0
259174,CA,2022-01-04,2022-07-29,64.4,1,1
259174,CA,2022-01-04,2022-07-28,73.8,1,1
259174,CA,2022-01-04,2022-07-26,41.6,1,1
259174,CA,2022-01-04,2022-01-22,64.7,1,1
259174,CA,2022-01-04,2022-01-21,1.1,1,1
259174,CA,2022-01-04,2022-07-23,39.1,1,1
259174,CA,2022-01-04,2022-01-20,34.5,1,1
259174,CA,2022-01-04,2022-01-18,73.3,1,1
259174,CA,2022-01-04,2022-07-22,73.6,1,1
259174,CA,2022-01-04,2022-01-24,13.9,1,1
259174,CA,2022-01-04,2022-01-10,43,1,1
259174,CA,2022-01-04,2022-07-24,20.4,1,1
259174,CA,2022-01-04,2022-01-19,44.4,1,1
259174,CA,2022-01-04,2022-01-17,132.5,1,1
259174,CA,2022-01-04,2022-07-25,94.2,1,1
259174,CA,2022-01-04,2022-01-23,150.8,1,1
259174,CA,2022-01-04,2022-01-09,51.9,1,1
259174,CA,2022-01-04,2022-07-21,77,1,1
259174,CA,2022-01-04,2022-01-08,26.9,1,1
259174,CA,2022-01-04,2022-02-04,9.9,1,1
259174,CA,2022-01-04,2022-02-03,60.4,1,1
259174,CA,2022-01-04,2022-02-02,29.1,1,1
259174,CA,2022-01-04,2022-02-01,12.7,1,1
259174,CA,2022-01-04,2022-02-07,91.6,1,1
259174,CA,2022-01-04,2022-01-30,116.7,1,1
259174,CA,2022-01-04,2022-02-06,53.4,1,1
259174,CA,2022-01-04,2022-01-29,45.4,1,1
259174,CA,2022-01-04,2022-01-28,61.5,1,1
259174,CA,2022-01-04,2022-01-26,37.9,1,1
259174,CA,2022-01-04,2022-01-31,67.7,1,1
259174,CA,2022-01-04,2022-01-27,24.3,1,1
259174,CA,2022-01-04,2022-02-08,67.4,1,1
259174,CA,2022-01-04,2022-02-05,119.9,1,1
259174,CA,2022-01-04,2022-01-25,61.1,1,1
259174,CA,2022-01-04,2022-07-27,113.8,1,1
259174,CA,2022-01-04,2022-04-11,17.9,1,1
259174,CA,2022-01-04,2022-04-05,26.8,1,1
259174,CA,2022-01-04,2022-04-01,56.5,1,1
259174,CA,2022-01-04,2022-03-31,66.4,1,1
259174,CA,2022-01-04,2022-03-29,15.7,1,1
259174,CA,2022-01-04,2022-03-27,42.7,1,1
259174,CA,2022-01-04,2022-03-26,60.3,1,1
259174,CA,2022-01-04,2022-03-30,59.8,1,1
259174,CA,2022-01-04,2022-03-25,75.9,1,1
259174,CA,2022-01-04,2022-03-17,23.4,1,1
259174,CA,2022-01-04,2022-03-16,26.1,1,1
259174,CA,2022-01-04,2022-03-24,63.2,1,1
259174,CA,2022-01-04,2022-03-23,17.8,1,1
259174,CA,2022-01-04,2022-03-22,38.3,1,1
259174,CA,2022-01-04,2022-03-13,34.9,1,1
259174,CA,2022-01-04,2022-03-12,3.1,1,1
259174,CA,2022-01-04,2022-03-04,0.1,1,1
259174,CA,2022-01-04,2022-03-03,0.4,1,1
259174,CA,2022-01-04,2022-03-02,0.1,1,1
259174,CA,2022-01-04,2022-02-18,20.4,1,1
259174,CA,2022-01-04,2022-03-21,54,1,1
259174,CA,2022-01-04,2022-03-20,14.6,1,1
259174,CA,2022-01-04,2022-04-10,160.6,1,1
259174,CA,2022-01-04,2022-02-19,10.3,1,1
259174,CA,2022-01-04,2022-02-17,79.3,1,1
259174,CA,2022-01-04,2022-02-16,13.4,1,1
259174,CA,2022-01-04,2022-03-19,91.4,1,1
259174,CA,2022-01-04,2022-02-15,68.1,1,1
259174,CA,2022-01-04,2022-03-18,77.3,1,1
259174,CA,2022-01-04,2022-02-14,77.3,1,1
259174,CA,2022-01-04,2022-02-13,65.3,1,1
259174,CA,2022-01-04,2022-02-12,32.9,1,1
259174,CA,2022-01-04,2022-10-14,0.6,1,1
259174,CA,2022-01-04,2022-03-15,56.9,1,1
259174,CA,2022-01-04,2022-02-11,11.1,1,1
259174,CA,2022-01-04,2022-08-11,37.9,1,1
259174,CA,2022-01-04,2022-01-07,115.7,1,1
259174,CA,2022-01-04,2022-07-20,139.3,1,1
259174,CA,2022-01-04,2022-07-18,58.5,1,1
259174,CA,2022-01-04,2022-01-06,88.2,1,0
259174,CA,2022-01-04,2022-08-10,73,1,1
